INSERT INTO room VALUES
    (1, 'Chambre'),
    (2, 'Salon'),
    (3, 'Cuisine'),
    (4, 'Entrée'),
    (5, 'Salle de bains')
;

INSERT INTO user VALUES
    (1, 'Aliette', null),
    (2, 'Joey', null),
    (3, 'Beline', null)
;

INSERT INTO task (room_id, last_done_by_id, name, frequency, difficulty, last_done) VALUES
    (1, null, 'Passer l\'aspirateur', 'tous les jours', 1, null),
    (1, null, 'Nettoyer la table de chevet', 'toutes les semaines', 1, null),
    (1, null, 'Faire la poussière', 'toutes les semaines', 1, null),
    (1, null, 'Passer la serpillière', 'toutes les semaines', 2, null),
    (1, null, 'Changer les draps', 'toutes les 2 semaines', 3, null),
    (1, null, 'Nettoyer les interrupteurs et les prises', 'tous les mois', 1, null),
    (1, null, 'Nettoyer sous le lit', 'tous les mois', 3, null),
    (1, null, 'Tri de la garde-robe', 'tous les 6 mois', 2, null),
    (1, null, 'Laver les oreillers', 'tous les 6 mois', 3, null),
    (1, null, 'Laver les couvertures', 'tous les 6 mois', 3, null),
    (1, null, 'Laver les vitres', 'tous les 6 mois', 3, null),
    (1, null, 'Laver les radiateurs', 'tous les 6 mois', 2, null),
    (1, null, 'Laver la porte', 'tous les 6 mois', 3, null),
    (1, null, 'Nettoyer le plafond et les spots', 'tous les 6 mois', 3, null),
    (1, null, 'Nettoyer les plinthes', 'tous les 6 mois', 3, null),
    (1, null, 'Laver les rideaux', 'tous les ans', 3, null),
    (2, null, 'Passer l\'aspirateur', 'tous les jours', 1, null),
    (2, null, 'Passer la serpillière', 'toutes les semaines', 2, null),
    (2, null, 'Nettoyer les écrans', 'toutes les semaines', 1, null),
    (2, null, 'Faire la poussière', 'toutes les semaines', 1, null),
    (2, null, 'Ré-organiser les étagères', 'tous les 3 mois', 3, null),
    (2, null, 'Nettoyer les interrupteurs et les prises', 'tous les mois', 1, null),
    (2, null, 'Laver les vitres', 'tous les 6 mois', 3, null),
    (2, null, 'Laver les radiateurs', 'tous les 6 mois', 2, null),
    (2, null, 'Nettoyer le plafond et les spots', 'tous les 6 mois', 3, null),
    (2, null, 'Nettoyer les plinthes', 'tous les 6 mois', 3, null),
    (2, null, 'Laver les rideaux', 'tous les ans', 3, null),
    (3, null, 'Faire la vaisselle', 'tous les jours', 2, null),
    (3, null, 'Sortir le compost', 'tous les jours', 1, null),
    (3, null, 'Nettoyer le plan de travail', 'tous les jours', 2, null),
    (3, null, 'Passer l\'aspirateur', 'tous les jours', 1, null),
    (3, null, 'Nettoyer l\'évier et les canalisations', 'toutes les semaines', 1, null),
    (3, null, 'Faire la poussière', 'toutes les semaines', 1, null),
    (3, null, 'Passer la serpillière', 'toutes les semaines', 2, null),
    (3, null, 'Sortir les poubelles', 'toutes les semaines', 1, null),
    (3, null, 'Nettoyer le four', 'tous les mois', 3, null),
    (3, null, 'Nettoyer le micro-ondes', 'tous les mois', 3, null),
    (3, null, 'Détartrer la bouilloire', 'tous les mois', 2, null),
    (3, null, 'Nettoyer les poubelles', 'tous les mois', 3, null),
    (3, null, 'Nettoyer le grille-pain', 'tous les mois', 2, null),
    (3, null, 'Nettoyer le grille-pain', 'tous les mois', 3, null),
    (3, null, 'Nettoyer le grille-pain', 'tous les mois', 3, null),
    (3, null, 'Nettoyer les interrupteurs et les prises', 'tous les mois', 1, null),
    (3, null, 'Détartrer la cafetière', 'tous les 2 mois', 2, null),
    (3, null, 'Nettoyer le frigo', 'tous les mois', 3, null),
    (3, null, 'Nettoyer le freezer', 'tous les 3 mois', 3, null),
    (3, null, 'Nettoyer le lave-vaisselle', 'tous les 3 mois', 3, null),
    (4, null, 'Passer l\'aspirateur', 'tous les jours', 1, null),
    (4, null, 'Faire la poussière', 'toutes les semaines', 1, null),
    (4, null, 'Passer la serpillière', 'toutes les semaines', 2, null),
    (4, null, 'Nettoyer les chaussures', 'toutes les mois', 2, null),
    (4, null, 'Nettoyer les miroirs', 'toutes les mois', 2, null),
    (4, null, 'Net', 'toutes les mois', 2, null),
    (4, null, 'Nettoyer les interrupteurs et les prises', 'tous les mois', 1, null),
    (4, null, 'Nettoyer le placard', 'tous les mois', 3, null),
    (4, null, 'Nettoyer les manteaux', 'tous les 4 mois', 3, null),
    (4, null, 'Tri des manteaux', 'tous les 6 mois', 2, null),
    (4, null, 'Nettoyer les plinthes', 'tous les 6 mois', 3, null),
    (4, null, 'Laver la porte', 'tous les 6 mois', 3, null),
    (4, null, 'Nettoyer le plafond et les spots', 'tous les 6 mois', 3, null),
    (5, null, 'Passer l\'aspirateur', 'tous les jours', 1, null),
    (5, null, 'Nettoyer la douche', 'toutes les semaines', 3, null),
    (5, null, 'Nettoyer le lavabo', 'toutes les semaines', 2, null),
    (5, null, 'Nettoyer le miroir', 'toutes les semaines', 2, null),
    (5, null, 'Nettoyer les toilettes', 'toutes les semaines', 2, null),
    (5, null, 'Faire la poussière', 'toutes les semaines', 1, null),
    (5, null, 'Passer la serpillière', 'toutes les semaines', 2, null),
    (5, null, 'Changer tapis', 'toutes les semaines', 2, null),
    (5, null, 'Changer les serviettes', 'toutes les semaines', 2, null),
    (5, null, 'Nettoyer la brosse', 'toutes les semaines', 2, null),
    (5, null, 'Nettoyer le placard', 'toutes les mois', 3, null),
    (5, null, 'Nettoyer les plinthes', 'tous les 6 mois', 3, null),
    (5, null, 'Laver la porte', 'tous les 6 mois', 3, null),
    (5, null, 'Nettoyer le plafond et les spots', 'tous les 6 mois', 3, null)
;
